matric_number,ca_scores,exam_scores
E013520,0,0
E016661,20,70
E020433,30,40
E022466,0,0
E022885,20,20
E025090,15,35
E025498,15,20
E025829,15,20
E026684,,
E026821,,
E027564,,
E027594,15,30
E027646,0,0
E028541,,
E028739,0,0
E030247,,
E030381,0,0
E031059,,
E032757,,
E032899,,
E033591,,
E033794,20,20
E035163,,
E036460,,
E037221,,
E037324,30,40
E038315,,
E038580,15,20
E039810,,
E039872,,
E039976,0,0
E040265,,
E040487,,
E040632,,
E040688,,
E040738,,
E040935,0,0
E040961,0,0
E040980,,
E041002,,
E041027,,
E041299,,
E041308,,
E041575,,
E041651,0,0
E041990,,
E042379,,
E042483,,
E042618,,
E042851,,
E042921,,
E042934,,
E042982,,
E043144,,
E043185,,
E043314,,
E043399,,
E043433,,
E043488,,
E043531,,
E043691,20,45
E043761,0,0
E043769,,
E043787,,
E043812,,
E043829,,
E043861,0,0
E043923,,
E044119,,
E044149,,
E044165,,
E044174,,
E044267,,
E044288,,
E044388,,
E044394,,
E044446,,
E044454,,
E044558,,
E044596,,
E044735,,
E044757,,
E044918,,
E044951,,
E045011,,
E045059,,
E045063,,
E045107,,
E045149,0,0
E045164,,
E045173,,
E045179,,
E045277,,
E045305,,
E045375,,
E045376,,
E045383,,
E045388,,
E045398,,
E045467,,
E045544,,
E045585,,
E045618,0,0
E045661,,
E045682,0,0
E045708,,
E045749,,
E045805,,
E045829,,
E046004,,
E046016,,
E046026,,
E046034,,
E046045,,
E046116,,
E046175,,
E046219,,
E046256,,
E046258,,
E046262,,
E046275,,
E046285,,
E046291,,
E046318,,
E046331,,
E046332,,
E046337,,
E046348,,
E046349,,
E046354,,
E046361,,
E046364,,
E046368,,
E046395,,
E046396,,
E046398,,
E046424,,
E046438,,
E046450,0,0
E046453,,
E046456,,
E046475,,
E046483,,
E046485,,
E046486,,
E046510,,
E046512,,
E046514,,
E046516,,
E046534,,
E046571,,
E046586,,
E046622,,
E046624,,
E046628,,
E046678,,
E046752,,
E046784,,
E046814,,
E046849,,
E046863,,
E046867,,
E046907,,
E046922,,
E046935,,
E046949,,
E046985,,
E046996,,
E046996,,
E046998,,
E047036,,
E047039,,
E047087,,
E047090,,
E047122,,
E047147,,
E047168,,
E047188,0,0
E047250,0,0
E047331,,
E047339,,
E047361,,
E047366,,
E047372,,
E047438,,
E047463,,
E047481,,
E047506,,
E047581,,
E047586,,
E047588,,
E047623,,
E047640,,
E047645,,
E047666,,
E047671,,
E047675,,
E047708,,
E047717,,
E047719,,
E047720,,
E047725,,
E047774,,
E047800,,
E047825,,
E047847,,
E047862,,
E047874,,
E047892,,
E047924,0,0
E047943,,
E047974,,
E047986,,
E048117,,
E048134,,
E048216,,
E048224,30,45
E048225,,
E048226,,
E048227,,
E048228,,
E048229,,
E048230,,
E048231,,
E048232,,
E048233,,
E048234,,
E048235,,
E048236,,
E048237,,
E048238,,
E048239,,
E048240,,
E048241,,
E048242,,
E048243,,
E048244,,
E048245,,
E048246,,
E048247,,
E048248,,
E048249,,
E048250,,
E048251,,
E048252,,
E048253,,
E048254,,
E048255,,
E048256,,
E048257,,
E048258,,
E048259,,
E048260,,
E048261,,
E048262,,
E048263,,
E048265,,
E048266,,
E048267,,
E048268,,
E048269,,
E048270,,
E048271,,
E048272,,
E048273,,
E048274,,
E048275,,
E048276,,
E048277,,
E048278,,
E048279,,
E048280,,
E048281,,
E048282,,
E048283,,
E048284,,
E048285,,
E048286,,
E048287,,
E048288,,
E048289,,
E048290,,
E048291,,
E048292,,
E048293,,
E048294,,
E048295,,
E048296,,
E048297,,
E048298,,
E048299,,
E048300,,
E048301,,
E048302,,
E048303,,
E048304,,
E048305,,
E048306,,
E048307,,
E048308,,
E048309,,
E048310,,
E048311,,
E048312,,
E048313,,
E048314,,
E048315,,
E048316,,
E048317,,
E048318,,
E048319,,
E048320,,
E048321,,
E048322,,
E048323,,
E048324,,
E048325,,
E048326,,
E048327,,
E048328,,
E048329,,
E048330,,
E048331,,
E048332,,
E048333,,
E048334,,
E048335,,
E048336,,
E048337,,
E048338,,
E048339,,
E048340,,
E048341,,
E048342,,
E048343,,
E048344,,
E048345,,
E048346,,
E048347,,
E048348,,
E048349,,
E048350,,
E048351,,
E048352,,
E048353,,
E048354,,
E048355,,
E048356,,
E048357,,
E048358,,
E048359,,
E048360,,
E048361,,
E048362,,
E048363,,
E048364,,
E048365,,
E048366,,
E048367,,
E048368,,
E048369,,
E048370,,
E048371,,
E048372,,
E048373,,
E048374,,
E048375,,
E048376,,
E048377,,
E048378,,
E048379,,
E048380,,
E048381,,
E048382,,
E048383,,
E048384,,
E048385,,
E048386,,
E048387,,
E048388,,
E048389,,
E048390,,
E048391,,
E048392,,
E048393,,
E048394,,
E048395,,
E048396,,
E048397,,
E048398,,
E048399,,
E048400,,
E048401,,
E048402,,
E048403,,
E048404,,
E048406,,
E048407,,
E048408,,
E048409,,
E048410,,
E048411,,
E048412,,
E048413,,
E048414,,
E048415,,
E048416,,
E048417,,
E048418,,
E048419,,
E048420,,
E048421,,
E048422,,
E048423,,
E048424,,
E048425,,
E048426,,
E048427,,
E048428,,
E048429,,
E048430,,
E048431,,
E048432,,
E048433,,
E048434,,
E048435,,
E048436,,
E048437,,
E048438,,
E048439,,
E048440,,
E048441,,
E048442,,
E048443,,
E048444,,
E048445,,
E048446,,
E048447,,
E048448,,
E048449,,
E048450,,
E048451,,
E048452,,
E048453,,
E048454,,
E048455,,
E048456,,
E048457,,
E048458,,
E048459,,
E048460,,
E048461,,
E048462,,
E048463,,
E048464,,
E048465,,
E048466,,
E048467,,
E048468,,
E048469,,
E048470,,
E048471,,
E048472,,
E048473,,
E048474,,
E048475,,
E048476,,
E048477,,
E048478,,
E048479,,
E048480,,
E048481,,
E048482,,
E048483,,
E048484,,
E048485,,
E048486,,
E048487,,
E048488,,
E048489,,
E048490,,
E048491,,
E048492,,
E048493,,
E048494,,
E048495,,
E048496,,
E048497,,
E048498,,
E048500,,
E048501,,
E048502,,
E048503,,
E048504,,
E048505,,
E048506,,
E048507,,
E048508,,
E048509,,
E048510,,
E048511,,
E048512,,
E048513,,
E048514,,
E048515,,
E048516,0,0
E048517,,
E048518,,
E048519,,
E048520,,
E048521,,
E048522,,
E048523,,
E048524,,
E048525,,
E048526,,
E048527,,
E048528,,
E048529,,
E048530,,
E048531,,
E048532,,
E048533,,
E048534,,
E048535,,
E048536,,
E048537,,
E048538,,
E048539,,
E048540,,
E048541,,
E048542,,
E048543,,
E048544,,
E048545,,
E048546,,
E048547,,
E048548,,
E048549,,
E048550,,
E048551,,
E048552,,
E048553,,
E048554,,
E048555,,
E048556,,
E048557,,
E048558,,
E048559,,
E048560,,
E048561,,
E048562,,
E048563,,
E048564,,
E048565,,
E048566,,
E048567,,
E048568,,
E048569,,
E048570,,
E048571,,
E048572,,
E048573,,
E048574,,
E048575,,
E048576,,
E048577,,
E048578,,
E048579,,
E048580,,
E048581,,
E048582,,
E048583,,
E048584,,
E048585,,
E048586,,
E048587,,
E048588,,
E048589,,
E048590,,
E048591,,
E048592,,
E048593,,
E048594,,
E048595,,
E048596,,
E048597,,
E048598,,
E048599,,
E048600,,
E048601,,
E048602,,
E048603,,
E048604,,
E048605,,
E048606,,
E048607,,
E048608,,
E048609,,
E048610,,
E048611,,
E048612,,
E048613,,
E048614,,
E048615,,
E048616,,
E048617,,
E048618,,
E048619,,
E048620,,
E048621,,
E048622,,
E048623,,
E048624,,
E048625,,
E048626,,
E048627,,
E048628,,
E048629,,
E048630,,
E048631,,
E048632,,
E048633,,
E048634,,
E048635,,
E048636,,
E048637,,
E048638,,
E048639,,
E048640,,
E048641,,
E048642,,
E048643,,
E048644,,
E048645,,
E048646,,
E048647,,
E048648,,
E048649,,
E048650,,
E048651,,
E048652,,
E048653,,
E048654,,
E048655,,
E048656,,
E048657,,
E048658,,
E048659,,
E048660,,
E048661,,
E048662,,
E048663,,
E048664,,
E048665,,
E048666,,
E048667,,
E048668,,
E048669,,
E048670,,
E048671,,
E048672,,
E048673,,
E048674,,
E048675,,
E048676,,
E048677,,
E048678,,
E048679,,
E048680,,
E048681,,
E048682,,
E048683,,
E048684,,
E048685,,
E048686,,
E048687,,
E048688,0,0
E048689,,
E048690,,
E048691,,
E048692,,
E048693,,
E048694,,
E048695,,
E048696,,
E048697,,
E048698,,
E048699,,
E048700,,
E048701,,
E048702,,
E048703,,
E048704,,
E048705,,
E048706,,
E048707,,
E048708,,
E048709,,
E048710,,
E048711,,
E048712,,
E048713,,
E048714,,
E048715,,
E048716,,
E048717,,
E048718,,
E048719,,
E048720,,
E048721,,
E048722,,
E048723,,
E048724,,
E048725,,
E048726,,
E048727,,
E048728,,
E048729,,
E048730,,
E048731,,
E048732,,
E048733,,
E048734,,
E048735,,
E048736,,
E048737,,
E048738,,
E048739,,
E048740,,
E048741,,
E048742,,
E048743,,
E048744,,
E048745,,
E048746,,
E048747,,
E048748,,
E048749,,
E048750,,
E048751,,
E048752,,
E048753,,
E048754,,
E048755,,
E048756,,
E048757,,
E048758,,
E048759,,
E048760,,
E048761,,
E048762,,
E048763,,
E048764,,
E048765,,
E048766,,
E048767,,
E048768,,
E048769,,
E048770,,
E048771,,
E048772,,
E048773,,
E048774,,
E048775,,
E048776,,
E048777,,
E048778,,
E048779,,
E048780,,
E048781,,
E048782,,
E048783,,
E048784,,
E048785,,
E048786,,
E048787,,
E048788,,
E048789,,
E048790,,
E048791,,
E048792,,
E048793,,
E048794,,
E048795,,
E048796,,
E048797,,
E048798,,
E048799,,
E048800,,
E048801,,
E048802,,
E048803,,
E048804,,
E048805,,
E048806,,
E048807,,
E048808,,
E048809,,
E048810,,
E048811,,
E048812,,
E048813,,
E048814,,
E048815,,
E048816,,
E048817,,
E048818,,
E048819,,
E048820,,
E048821,,
E048822,,
E048823,,
E048824,,
E048825,,
E048826,,
E048827,,
E048828,,
E048829,,
E048830,,
E048831,,
E048832,,
E048833,,
E048834,,
E048835,,
E048836,,
E048837,,
E048838,,
E048839,,
E048840,,
E048841,,
E048842,,
E048843,,
E048844,,
E048845,,
E048846,,
E048847,,
E048848,0,0
E048849,,
E048850,,
E048851,,
E048852,,
E048853,,
E048854,,
E048855,,
E048856,,
E048857,,
E048858,,
E048859,,
E048860,,
E048861,,
E048862,,
E048863,,
E048864,,
E048865,,
E048866,,
E048867,,
E048868,,
E048869,,
E048870,,
E048871,,
E048872,,
E048873,,
E048874,,
E048875,,
E048876,,
E048877,,
E048878,,
E048879,,
E048880,,
E048881,,
E048882,,
E048883,,
E048884,,
E048885,,
E048886,,
E048887,,
E048888,,
E048889,,
E048890,,
E048891,,
E048892,,
E048893,,
E048894,,
E048895,,
E048896,,
E048897,,
E048898,,
E048899,,
E048900,,
E048901,,
E048902,,
E048903,,
E048904,,
E048905,,
E048906,,
E048907,,
E048908,,
E048909,,
E048910,,
E048911,,
E048912,,
E048913,,
E048914,,
E048915,,
E048916,,
E048917,,
E048918,,
E048919,,
E048920,,
E048921,,
E048922,,
E048923,,
E048924,,
E048925,,
E048926,,
E048927,,
E048928,,
E048929,,
E048930,,
E048931,,
E048932,,
E048933,,
E048934,,
E048935,,
E048936,,
E048937,,
E048938,,
E048939,,
E048940,,
E048941,,
E048942,,
E048943,,
E048944,,
E048945,,
E048946,,
E048947,,
E048948,,
E048949,,
E048950,,
E048951,,
E048952,,
E048953,,
E048954,,
E048955,,
E048956,,
E048957,,
E048958,,
E048959,,
E048960,,
E048961,,
E048962,,
E048963,,
E048964,,
E048965,,
E048966,,
E048967,,
E048968,,
E048969,,
E048970,,
E048971,,
E048972,,
E048973,,
E048974,,
E048975,,
E048976,,
E048977,,
E048978,,
E048979,,
E048980,,
E048981,,
E048982,,
E048983,,
E048984,,
E048985,,
E048986,,
E048987,,
E048988,,
E048989,,
E048990,,
E048991,,
E048992,,
E048993,,
E048994,,
E048995,,
E048996,,
E048997,,
E048998,,
E048999,,
E049000,,
E049001,,
E049002,,
E049003,,
E049004,,
E049005,,
E049006,,
E049007,,
E049008,,
E049009,,
E049010,,
E049011,,
E049012,,
E049013,,
E049014,,
E049015,,
E049016,,
E049017,,
E049018,,
E049019,,
E049020,,
E049021,,
E049022,,
E049023,,
E049024,,
E049025,,
E049026,,
E049027,,
E049028,,
E049029,,
E049030,,
E049031,,
E049032,,
E049033,,
E049034,,
E049035,,
E049036,,
E049037,,
E049038,,
E049039,,
E049040,,
E049041,,
E049042,,
E049043,,
E049044,,
E049045,,
E049046,,
E049047,,
E049048,,
E049049,,
E049050,,
E049051,,
E049052,,
E049053,,
E049054,,
E049055,,
E049056,,
E049057,,
E049058,,
E049059,,
E049060,,
E049061,,
E049062,,
E049063,,
E049064,,
E049065,,
E049066,,
E049067,,
E049068,,
E049069,,
E049070,,
E049071,,
E049072,,
E049073,,
E049074,,
E049075,,
E049076,,
E049077,,
E049078,,
E049079,,
E049080,,
E049081,,
E049082,,
E049083,,
E049084,,
E049085,,
E049086,,
E049087,,
E049088,,
E049089,,
E049090,,
E049091,,
E049092,,
E049093,,
E049094,,
E049095,,
E049096,,
E049097,,
E049098,,
E049099,,
E049100,,
E049101,,
E049102,,
E049103,,
E049104,,
E049105,,
E049106,0,0
E049107,,
E049108,,
E049109,,
E049110,,
E049111,,
E049112,,
E049113,,
E049114,,
E049115,,
E049116,,
E049117,,
E049118,,
E049119,,
E049120,,
E049121,,
E049122,,
E049123,,
E049124,,
E049125,,
E049126,,
E049127,,
E049128,,
E049129,,
E049130,,
E049131,,
E049132,,
E049133,,
E049134,,
E049135,,
E049136,,
E049137,,
E049138,,
E049139,,
E049140,0,0
E049141,,
E049142,,
E049143,,
E049144,,
E049145,,
E049146,,
E049147,,
E049148,,
E049149,,
E049150,,
E049151,,
E049152,,
E049153,,
E049154,,
E049155,,
E049156,,
E049157,,
E049158,,
E049159,,
E049160,,
E049161,,
E049162,,
E049163,,
E049164,,
E049165,,
E049166,,
E049167,,
E049168,,
E049169,,
E049170,,
E049171,,
E049172,,
E049173,,
E049174,,
E049175,,
E049176,,
E049177,,
E049178,,
E049179,,
E049180,,
E049181,,
E049182,,
E049183,,
E049184,,
E049185,,
E049186,,
E049187,,
E049188,,
E049189,,
E049190,,
E049191,,
E049192,,
E049193,,
E049194,,
E049195,,
E049196,,
E049197,,
E049198,,
E049199,,
E049200,,
E049201,,
E049202,,
E049203,,
E049204,,
E049205,,
E049206,,
E049207,,
E049208,,
E049209,,
E049210,,
E049211,,
E049213,,
E049214,,
E049215,,
E049216,,
E049217,,
E049218,,
E049219,,
E049220,,
E049221,,
E049222,,
E049223,,
E049224,,
E049225,,
E049226,,
E049227,,
E049228,,
E049229,,
E049230,,
E049231,,
E049232,,
E049233,,
E049234,,
E049235,,
E049236,,
E049237,,
E049238,,
E049239,,
E049240,,
E049241,,
E049242,,
E049243,,
E049244,,
E049245,,
E049246,,
E049247,,
E049248,,
E049249,,
E049250,,
E049251,,
E049252,,
E049253,,
E049254,,
E049255,,
E049256,,
E049257,,
E049258,,
E049259,,
E049260,,
E049261,,
E049262,,
E049263,,
E049264,,
E049265,,
E049266,,
E049267,,
E049268,,
E049269,,
E049270,,
E049271,,
E049272,,
E049273,,
E049274,,
E049275,,
E049276,,
E049277,,
E049278,,
E049280,,
E049281,,
E049282,,
E049283,,
E049284,,
E049285,,
E049286,,
E049287,,
E049288,,
E049289,,
E049290,,
E049291,,
E049292,,
E049293,,
E049294,,
E049295,,
E049296,,
E049297,,
E049298,,
E049299,,
E049300,,
E049301,,
E049302,,
E049303,,
E049304,,
E049305,,
E049306,,
E049307,,
E049308,,
E049309,,
E049310,,
E049311,,
E049312,,
E049313,,
E049314,,
E049315,,
E049316,,
E049317,,
E049318,,
E049319,,
E049320,,
E049321,,
E049322,,
E049323,,
E049324,,
E049325,,
E049326,,
E049327,,
E049328,,
E049329,,
E049330,,
E049331,,
E049332,,
E049333,,
E049334,,
E049335,,
E049336,,
E049337,,
E049338,,
E049339,,
E049340,,
E049341,,
E049342,,
E049343,,
E049344,,
E049345,,
E049346,,
E049347,,
E049348,,
E049349,,
E049350,,
E049351,,
E049352,,
E049353,,
E049354,,
E049355,,
E049356,,
E049357,,
E049358,,
E049359,,
E049360,,
E049361,,
E049362,,
E049363,,
E049364,,
E049365,,
E049366,,
E049367,,
E049368,,
E049369,,
E049370,,
E049371,,
E049372,,
E049373,,
E049374,,
E049375,,
E049376,,
E049377,,
E049378,,
E049379,,
E049380,,
E049381,,
E049383,,
E049384,,
E049385,,
E049386,,
E049387,,
E049388,,
E049389,,
E049390,,
E049391,,
E049392,,
E049393,,
E049394,,
E049395,0,0
E049396,,
E049397,,
E049398,,
E049399,,
E049400,,
E049401,,
E049402,,
E049403,,
E049404,,
E049405,,
E049406,,
E049407,,
E049408,,
E049409,,
E049410,,
E049411,,
E049412,,
E049413,,
E049414,,
E049415,,
E049416,,
E049417,,
E049418,,
E049419,,
E049420,,
E049421,,
E049422,,
E049423,,
E049424,,
E049425,,
E049426,,
E049427,,
E049428,,
E049429,,
E049430,,
E049431,,
E049432,,
E049433,,
E049434,,
E049435,,
E049436,,
E049437,,
E049438,,
E049439,,
E049440,,
E049441,,
E049442,,
E049443,,
E049444,,
E049445,,
E049446,,
E049447,,
E049448,,
E049449,,
E049450,,
E049452,,
E049453,,
E049454,,
E049455,,
E049456,,
E049457,,
E049458,,
E049459,,
E049460,,
E049461,,
E049462,,
E049463,,
E049464,,
E049465,,
E049466,,
E049467,,
E049468,,
E049469,,
E049470,,
E049471,,
E049472,,
E049473,,
E049474,,
E049475,,
E049476,,
E049477,,
E049478,,
E049479,,
E049480,,
E049481,,
E049482,,
E049483,,
E049484,,
E049485,,
E049486,,
E049487,,
E049488,,
E049489,,
E049490,,
E049491,,
E049492,,
E049493,,
E049494,,
E049495,,
E049496,,
E049497,,
E049498,,
E049499,,
E049500,,
E049501,,
E049502,,
E049503,,
E049504,,
E049505,,
E049506,,
E049507,,
E049508,,
E049509,,
E049510,,
E049511,,
E049512,,
E049513,,
E049514,,
E049515,,
E049516,,
E049517,,
E049518,,
E049519,,
E049520,,
E049521,,
E049522,,
E049523,,
E049524,,
E049525,,
E049526,,
E049527,,
E049528,,
E049529,,
E049530,,
E049531,,
E049532,,
E049533,,
E049534,,
E049535,,
E049536,,
E049537,,
E049538,,
E049539,,
E049540,,
E049541,,
E049542,,
E049543,,
E049544,,
E049545,,
E049546,,
E049547,,
E049548,,
E049549,,
E049550,,
E049551,,
E049552,,
E049553,,
E049554,,
E049555,,
E049556,,
E049557,,
E049558,,
E049559,,
E049560,,
E049561,,
E049562,,
E049563,,
E049564,,
E049566,,
E049567,,
E049568,,
E049569,,
E049570,,
E049571,,
E049572,,
E049573,,
E049574,,
E049575,,
E049576,,
E049577,,
E049578,,
E049579,,
E049580,,
E049581,,
E049582,,
E049583,,
E049584,,
E049585,,
E049586,,
E049587,,
E049588,,
E049589,,
E049590,,
E049591,,
E049592,,
E049593,,
E049594,,
E049595,,
E049596,,
E049597,,
E049598,,
E049599,,
E049600,,
E049601,,
E049602,,
E049603,,
E049604,,
E049605,,
E049606,,
E049607,,
E049608,,
E049609,,
E049610,,
E049611,,
E049612,,
E049613,,
E049614,,
E049615,,
E049616,,
E049617,,
E049618,,
E049619,,
E049620,,
E049621,,
E049622,,
E049623,,
E049624,,
E049625,,
E049626,,
E049627,,
E049628,,
E049629,,
E049630,,
E049631,,
E049632,,
E049633,,
E049634,,
E049635,,
E049636,,
E049637,,
E049638,,
E049639,,
E049640,,
E049641,,
E049642,,
E049643,,
E049644,,
E049645,,
E049646,,
E049647,,
E049648,,
E049649,,
E049650,,
E049651,,
E049652,,
E049653,,
E049654,,
E049655,,
E049656,,
E049657,,
E049658,,
E049659,,
E049660,,
E049661,,
E049662,,
E049663,,
E049664,,
E049665,,
E049666,,
E049667,,
E049668,,
E049669,,
E049670,,
E049671,,
E049672,,
E049673,,
E049674,,
E049675,,
E049676,,
E049677,,
E049678,,
E049679,,
E049680,,
E049681,,
E049682,,
E049683,,
E049684,,
E049685,,
E049686,,
E049687,,
E049688,,
E049689,,
E049690,,
E049691,,
E049692,,
E049693,,
E049694,,
E049695,,
E049696,,
E049697,,
E049698,,
E049699,,
E049700,,
E049701,,
E049702,,
E049703,,
E049704,,
E049705,,
E049706,,
E049707,,
E049708,,
E049709,,
E049710,,
E049711,,
E049712,,
E049713,,
E049714,,
E049715,,
E049716,,
E049717,,
E049718,,
E049719,,
E049720,,
E049721,,
E049722,,
E049723,,
E049724,,
E049725,,
E049726,,
E049727,,
E049728,,
E049729,0,0
E049730,,
E049731,,
E049732,,
E049733,,
E049734,,
E049735,,
E049736,,
E049737,,
E049738,,
E049739,,
E049740,,
E049741,,
E049742,,
E049743,,
E049744,,
E049745,,
E049746,,
E049747,,
E049748,,
E049749,,
E049750,,
E049751,,
E049752,,
E049753,,
E049754,,
E049755,,
E049756,,
E049758,,
E049759,,
E049760,,
E049761,,
E049762,,
E049763,,
E049764,,
E049765,,
E049766,,
E049767,,
E049768,,
E049769,,
E049770,,
E049771,,
E049772,,
E049773,,
E049774,,
E049775,,
E049777,,
E049778,,
E049779,,
E049780,,
E049781,,
E049782,,
E049783,,
E049784,,
E049785,,
E049786,,
E049787,,
E049788,,
E049789,,
E049790,,
E049791,,
E049792,,
E049793,,
E049794,,
E049795,,
E049796,,
E049797,,
E049798,,
E049799,,
E049800,,
E049801,,
E049802,,
E049803,,
E049804,,
E049805,,
E049806,,
E049807,,
E049808,,
E049809,,
E049810,,
E049811,,
E049812,,
E049813,,
E049814,,
E049815,,
E049816,,
E049817,,
E049818,,
E049819,,
E049820,,
E049821,,
E049822,,
E049823,,
E049824,,
E049825,,
E049826,,
E049827,,
E049828,,
E049829,,
E049830,,
E049831,,
E049832,,
E049833,,
E049834,,
E049835,,
E049836,,
E049837,,
E049838,,
E049839,,
E049840,,
E049841,,
E049842,,
E049843,,
E049844,,
E049845,,
E049846,,
E049848,,
E049849,,
E049850,,
E049851,,
E049852,,
E049853,,
E049854,,
E049855,,
E049856,,
E049857,,
E049858,,
E049859,,
E049860,,
E049861,,
E049862,,
E049863,,
E049864,,
E049865,,
E049866,,
E049867,,
E049868,,
E049869,,
E049870,,
E049871,,
E049872,,
E049873,,
E049874,,
E049875,,
E049876,,
E049877,,
E049878,,
E049879,,
E049880,,
E049881,,
E049882,,
E049883,,
E049884,,
E049885,,
E049886,,
E049887,,
E049888,,
E049889,,
E049890,,
E049891,,
E049892,,
E049893,,
E049894,,
E049895,,
E049896,,
E049897,,
E049898,,
E049899,,
E049900,,
E049901,,
E049902,,
E049903,,
E049904,,
E049905,,
E049906,,
E049907,,
E049908,,
E049909,,
E049910,,
E049911,,
E049912,,
E049913,,
E049914,,
E049915,,
E049916,,
E049917,,
E049918,,
E049919,,
E049920,,
E049921,,
E049922,,
E049923,,
E049924,,
E049925,,
E049926,,
E049927,,
E049928,,
E049929,,
E049930,,
E049931,,
E049932,,
E049933,,
E049934,,
E049935,,
E049936,,
E049937,,
E049938,,
E049939,,
E049940,,
E049941,,
E049942,,
E049943,,
E049944,,
E049945,,
E049946,,
E049947,,
E049948,,
E049949,,
E049950,,
E049951,,
E049952,,
E049953,,
E049954,,
E049955,,
E049956,,
E049957,,
E049958,,
E049959,,
E049960,,
E049961,,
E049962,,
E049963,,
E049964,,
E049965,,
E049966,,
E049967,,
E049968,,
E049969,,
E049970,,
E049971,,
E049972,,
E049973,,
E049974,,
E049975,,
E049976,,
E049977,,
E049978,,
E049979,,
E049980,,
E049981,,
E049982,,
E049983,,
E049984,,
E049985,,
E049986,,
E049987,,
E049988,,
E049989,,
E049990,,
E049991,,
E049992,,
E049993,,
E049994,,
E049995,,
E049996,,
E049997,,
E049998,,
E049999,,
E050000,,
E050001,,
E050002,,
E050003,,
E050004,,
E050005,,
E050006,,
E050007,,
E050008,,
E050009,,
E050010,,
E050011,,
E050012,,
E050013,,
E050014,,
E050015,,
E050016,,
E050017,,
E050018,,
E050019,,
E050020,,
E050021,,
E050022,,
E050023,,
E050024,,
E050025,,
E050026,,
E050027,,
E050028,,
E050029,,
E050030,,
E050031,,
E050032,,
E050033,,
E050034,,
E050035,,
E050036,,
E050037,,
E050038,,
E050039,,
E050040,,
E050041,,
E050042,,
E050043,,
E050044,,
E050045,,
E050046,,
E050047,,
E050048,,
E050049,,
E050050,,
E050051,,
E050052,,
E050053,,
E050054,,
E050055,,
E050056,,
E050057,,
E050058,,
E050059,,
E050060,,
E050061,,
E050062,,
E050063,,
E050064,,
E050065,,
E050066,,
E050068,,
E050069,,
E050070,,
E050071,,
E050072,,
E050073,,
E050074,,
E050075,,
E050076,,
E050077,,
E050078,,
E050079,,
E050080,,
E050081,,
E050083,,
E050084,,
E050085,,
E050086,,
E050087,,
E050088,,
E050089,,
E050090,,
E050091,,
E050092,,
E050093,,
E050094,,
E050095,,
E050096,,
E050097,,
E050098,,
E050099,,
E050100,,
E050101,,
E050102,,
E050103,,
E050104,,
E050105,,
E050106,,
E050108,,
E050109,,
E050110,,
E050111,,
E050112,,
E050113,,
E050114,,
E050115,,
E050116,,
E050117,,
E050118,,
E050119,,
E050120,,
E050121,,
E050122,0,0
E050123,,
E050124,,
E050125,,
E050126,,
E050127,,
E050128,,
E050129,,
E050130,,
E050131,,
E050132,,
E050133,,
E050134,,
E050135,,
E050136,,
E050137,,
E050138,,
E050139,,
E050140,,
E050141,,
E050142,,
E050143,,
E050144,,
E050145,,
E050146,,
E050147,,
E050148,,
E050149,,
E050150,,
E050151,,
E050152,,
E050153,,
E050154,,
E050155,,
E050156,,
E050157,,
E050158,,
E050159,,
E050160,,
E050161,,
E050162,,
E050163,,
E050164,,
E050165,,
E050166,,
E050167,,
E050168,,
E050169,,
E050170,,
E050171,,
E050172,,
E050173,,
E050174,,
E050175,,
E050176,,
E050177,,
E050178,,
E050179,,
E050180,,
E050181,,
E050182,,
E050183,,
E050184,,
E050185,,
E050186,,
E050187,,
E050188,,
E050189,,
E050190,,
E050191,,
E050192,,
E050193,,
E050194,,
E050195,,
E050196,,
E050197,,
E050198,,
E050199,,
E050200,,
E050201,,
E050202,,
E050203,,
E050204,,
E050205,,
E050206,,
E050207,,
E050208,,
E050209,,
E050210,,
E050211,,
E050212,,
E050213,,
E050214,,
E050215,,
E050216,,
E050217,,
E050218,,
E050219,,
E050220,,
E050221,,
E050222,,
E050223,,
E050224,,
E050225,,
E050226,,
E050227,,
E050228,,
E050229,,
E050230,,
E050231,,
E050232,,
E050233,,
E050234,,
E050235,,
E050236,,
E050237,,
E050238,,
E050239,,
E050240,,
E050241,,
E050242,,
E050243,,
E050244,,
E050245,,
E050246,,
E050247,,
E050248,,
E050249,,
E050250,,
E050251,,
E050252,,
E050253,,
E050254,,
E050255,,
E050256,,
E050257,,
E050258,,
E050259,,
E050260,,
E050261,,
E050262,,
E050263,,
E050264,,
E050265,,
E050266,,
E050267,,
E050268,,
E050269,,
E050270,,
E050271,,
E050272,,
E050273,,
E050274,,
E050275,,
E050276,,
E050277,,
E050278,,
E050279,,
E050280,,
E050281,,
E050282,,
E050283,,
E050284,,
E050285,,
E050286,,
E050287,,
E050288,,
E050289,,
E050290,,
E050291,,
E050292,,
E050293,,
E050294,,
E050295,,
E050296,,
E050297,,
E050298,,
E050299,,
E050300,,
E050301,,
E050302,,
E050303,,
E050304,,
E050305,,
E050306,,
E050307,,
E050308,,
E050309,,
E050310,,
E050311,,
E050312,,
E050313,,
E050314,,
E050315,,
E050316,,
E050317,,
E050318,,
E050319,,
E050320,,
E050321,,
E050322,,
E050323,,
E050325,,
E050326,,
E050327,,
E050328,,
E050329,,
E050330,,
E050331,,
E050332,,
E050333,,
E050334,,
E050335,,
E050336,,
E050337,,
E050338,,
E050339,,
E050340,,
E050341,,
E050342,,
E050343,,
E050344,,
E050345,,
E050346,,
E050347,,
E050348,,
E050349,,
E050350,,
E050351,,
E050352,,
E050353,,
E050354,,
E050355,,
E050356,,
E050357,,
E050358,,
E050359,,
E050360,,
E050361,,
E050362,,
E050363,,
E050364,,
E050365,,
E050366,,
E050367,,
E050368,,
E050369,,
E050370,,
E050371,,
E050372,,
E050373,,
E050374,,
E050375,,
E050376,,
E050377,,
E050378,,
E050379,,
E050380,,
E050381,,
E050382,,
E050383,,
E050384,,
E050385,,
E050386,,
E050387,,
E050388,,
E050389,,
E050390,,
E050391,,
E050392,,
E050393,,
E050394,,
E050395,,
E050396,,
E050397,,
E050398,,
E050399,,
E050400,,
E050401,,
E050402,,
E050403,,
E050404,,
E050405,,
E050406,,
E050407,,
E050408,,
E050409,,
E050410,,
E050411,,
E050412,,
E050413,,
E050414,,
E050415,,
E050416,,
E050417,,
E050418,,
E050419,,
E050420,,
E050421,,
E050422,,
E050423,,
E050424,,
E050425,,
E050426,,
E050427,,
E050428,,
E050429,,
E050430,,
E050431,,
E050432,,
E050433,,
E050434,,
E050435,,
E050436,,
E050437,,
E050438,,
E050439,,
E050440,,
E050441,,
E050442,,
E050443,,
E050444,,
E050445,,
E050446,,
E050447,,
E050448,,
E050449,,
E050450,,
E050451,,
E050452,,
E050453,,
E050454,,
E050455,,
E050456,,
E050457,,
E050458,,
E050459,,
E050460,,
E050461,,
E050462,,
E050463,,
E050464,,
E050465,,
E050466,,
E050467,,
E050468,,
E050469,,
E050470,,
E050471,,
E050472,,
E050473,,
E050474,,
E050475,,
E050476,,
E050477,,
E050478,,
E050479,,
E050480,,
E050481,,
E050482,,
E050483,,
E050484,,
E050485,,
E050486,,
E050487,,
E050488,,
E050489,,
E050490,,
E050491,,
E050492,,
E050493,,
E050494,,
E050495,,
E050496,,
E050497,,
E050498,,
E050499,,
E050500,,
E050501,,
E050502,,
E050503,,
E050504,,
E050505,,
E050506,,
E050507,,
E050508,,
E050509,,
E050510,,
E050511,,
E050512,,
E050513,,
E050514,,
E050515,,
E050516,,
E050517,,
E050518,,
E050519,,
E050520,,
E050521,,
E050522,,
E050523,,
E050524,,
E050525,,
E050526,,
E050527,,
E050528,,
E050529,,
E050530,,
E050531,,
E050532,,
E050533,,
E050534,,
E050535,,
E050536,,
E050537,,
E050538,,
E050539,,
E050540,,
E050541,,
E050542,,
E050543,,
E050544,,
E050545,,
E050546,,
E050547,,
E050548,,
E050549,,
E050550,,
E050551,,
E050552,,
E050553,,
E050554,,
E050555,,
E050556,,
E050557,,
E050558,,
E050559,,
E050560,,
E050561,,
E050562,,
E050563,,
E050564,,
E050565,,
E050566,,
E050567,,
E050568,,
E050569,,
E050570,,
E050571,,
E050572,,
E050574,,
E050575,,
E050576,,
E050577,,
E050578,,
E050579,,
E050580,,
E050581,,
E050582,,
E050583,,
E050584,,
E050585,,
E050586,,
E050587,,
E050588,,
E050589,,
E050590,,
E050591,,
E050592,,
E050593,,
E050594,,
E050595,,
E050596,,
E050597,,
E050598,,
E050599,,
E050600,,
E050601,0,0
E050602,,
E050603,,
E050604,,
E050605,,
E050606,,
E050607,,
E050608,,
E050609,,
E050610,,
E050611,,
E050612,,
E050613,,
E050614,,
E050615,,
E050616,,
E050617,,
E050618,,
E050619,,
E050620,,
E050621,,
E050622,,
E050623,,
E050624,,
E050625,,
E050626,,
E050627,,
E050628,,
E050629,,
E050630,,
E050631,,
E050632,,
E050633,,
E050634,,
E050635,,
E050636,,
E050637,,
E050638,,
E050639,,
E050640,,
E050641,,
E050642,,
E050643,,
E050644,,
E050645,,
E050646,,
E050647,,
E050648,,
E050649,,
E050650,,
E050651,,
E050652,,
E050653,,
E050654,,
E050655,,
E050656,,
E050657,,
E050658,,
E050659,,
E050660,,
E050661,,
E050662,,
E050663,,
E050664,,
E050665,,
E050666,,
E050667,,
E050668,,
E050669,,
E050670,,
E050671,,
E050672,,
E050673,,
E050674,,
E050675,,
E050676,,
E050677,,
E050678,,
E050679,,
E050680,0,0
E050681,,
E050682,,
E050683,,
E050684,,
E050685,,
E050686,,
E050687,,
E050688,,
E050689,,
E050690,,
E050691,,
E050692,,
E050693,,
E050694,,
E050695,,
E050696,,
E050697,,
E050698,,
E050699,,
E050700,,
E050701,,
E050702,0,0
E050703,,
E050704,,
E050705,,
E050706,,
E050707,,
E050708,,
E050709,,
E050710,,
E050711,,
E050712,,
E050713,,
E050714,,
E050715,,
E050716,,
E050717,,
E050718,,
E050719,,
E050720,,
E050721,,
E050722,,
E050723,,
E050724,,
E050725,,
E050726,,
E050727,,
E050728,,
E050729,,
E050730,,
E050731,,
E050732,,
E050733,,
E050734,,
E050735,,
E050736,,
E050737,,
E050738,,
E050739,,
E050740,,
E050741,,
E050742,,
E050743,,
E050744,,
E050745,,
E050746,,
E050747,,
E050748,,
E050749,,
E050750,,
E050751,,
E050752,,
E050753,,
E050754,,
E050755,,
E050756,,
E050757,,
E050758,,
E050759,,
E050760,,
E050761,,
E050762,,
E050763,,
E050764,,
E050765,,
E050766,,
E050767,,
E050768,,
E050769,,
E050770,,
E050771,,
E050772,,
E050773,,
E050774,,
E050775,,
E050776,,
E050777,,
E050778,,
E050779,,
E050780,,
E050781,,
E050785,,
E050787,,
E050789,,
E050791,,
E09660,,
